,T,f_0,theta_0,f_1,theta_1,f_2,theta_2,f_3,theta_3,f_4,theta_4,f_5,theta_5,beta_0,beta_1,beta_2,beta_3,beta_4,beta_5,psi_0,psi_1,psi_2,psi_3,psi_4,psi_5
0,2.1060597349244636,1346200988.3793454,0.7173097509961144,1330177027.5789685,0.7372140017734398,1308741949.232314,0.745073041900982,1558394734.1063123,0.7490923890865893,1481855746.8173602,0.7105698811585889,1318170935.8905048,0.7055738468679686,True,True,True,False,True,True,2,2,2,3,2,2
1,1.3414112220158416,1321269719.480818,0.8487150210466085,1329341230.486918,0.9161196705127865,1625878867.9938288,0.8363124195056018,1315963231.2709048,0.8591830995174397,1331603989.8347878,0.8476221453383515,1315924202.0241895,0.8363896817164852,True,True,False,True,True,True,3,4,3,3,4,3
